#Taxon	ERR17070056	ERR17070057	ERR17070058	ERR17070059	ERR17070060	ERR17070061	ERR17070062	ERR17070063	ERR17070064	ERR17070065	ERR17070066	ERR17070067	ERR17070068	ERR17070069	ERR17070070	ERR17070071	ERR17070072	ERR17070073	ERR17070074	ERR17070075	ERR17070076	ERR17070077	ERR17070078	ERR17070079	ERR17070080	ERR17070081	ERR17070082	ERR17070083	ERR17070084
u__unclassified	1503	1683	1107	1440	1702	1634	1403	1637	1042	1719	1621	1677	1898	2216	1736	2158	2100	2370	1771	1934	2136	1890	1779	2162	243	1296	195	334	1250
k__Bacteria,p__Firmicutes,c__Bacilli,o__Lactobacillales,f__Lactobacillaceae,g__Lactobacillus	170195	252818	172036	163889	254344	241408	205856	226955	133054	268625	245661	227297	2379	1610	15108	11885	3139	5747	55834	15829	58570	76659	191182	86619	295	217300	1703	29	133
k__Bacteria,p__Firmicutes,c__Bacilli,o__Lactobacillales,f__Lactobacillaceae,g__Pediococcus	1318	1964	1444	1249	1905	1855	1754	1803	1512	2256	1908	1864	12	19	86	28	89	309	869	982	6373	7164	10190	997	4	1930	37	1	2
k__Bacteria,p__Firmicutes,c__Bacilli,o__Lactobacillales,f__Leuconostocaceae,g__Leuconostoc	1500	43	22	34	36	36	1060	248	55	32	33	77	3810	17551	294	26828	7218	48576	39554	82662	1641	83534	27	6570	8	617	275	2	0
k__Bacteria,p__Firmicutes,c__Bacilli,o__Lactobacillales,f__Leuconostocaceae,g__Weissella	46	52	32	41	42	59	582	63	52	57	74	306	12152	13074	116673	2310	78197	858	52195	2037	184	33983	5654	59088	1	583	20	0	0
k__Bacteria,p__Firmicutes,c__Bacilli,o__Lactobacillales,f__Leuconostocaceae,g__Oenococcus	23	23	12	21	25	15	33	17	14	19	24	21	248	50	20	1853	195	118	139	115	7	196	6	234	0	26	1	0	0
k__Bacteria,p__Firmicutes,c__Bacilli,o__Lactobacillales,f__Streptococcaceae,g__Streptococcus	804	1183	873	718	986	1026	1081	896	684	1249	1243	992	9352	5051	7516	12329	15606	10209	7727	9439	8315	3801	5271	7931	217	983	629	265	15
k__Bacteria,p__Firmicutes,c__Bacilli,o__Lactobacillales,f__Streptococcaceae,g__Lactococcus	15	16	18	33	59	26	57	415	11	40	24	25	118740	4542	758	470	110483	117291	93449	158141	118475	4736	358	107180	351	240	285	142	1
k__Bacteria,p__Firmicutes,c__Bacilli,o__Lactobacillales,f__Enterococcaceae,g__Enterococcus	264	253	154	212	253	249	255	380	132	284	249	880	11122	12356	12866	25770	9348	21044	4624	1788	5764	5783	10017	6419	9	556	116	22	16
k__Bacteria,p__Firmicutes,c__Bacilli,o__Staphylococcales,f__Staphylococcaceae,g__Staphylococcus	20277	6077	2062	8692	13810	6920	2112	2151	1572	3176	4587	20078	40055	154032	121786	15819	20971	5071	1176	1372	1804	6708	1014	5624	623	864	577	155	5
k__Bacteria,p__Firmicutes,c__Bacilli,o__Exiguobacterales,f__Exiguobacteraceae,g__Exiguobacterium	5319	62	114	2947	20	6	102	1190	56	161	22	1008	39209	90473	12498	19	3618	2232	731	840	118	1583	36	1810	12	128	4	906	0
k__Bacteria,p__Firmicutes,c__Bacilli,o__Bacillales,f__Bacillaceae,g__Bacillus	1500	324	171	550	638	1040	287	180	196	385	763	1279	6136	12799	7521	2207	4448	4420	1645	794	3131	2298	5141	1482	5332	472	2982	77	8
k__Bacteria,p__Firmicutes,c__Bacilli,o__Bacillales,f__Planococcaceae,g__Lysinibacillus	92	17	12	21	50	28	23	13	21	26	22	66	273	619	449	88	165	81	43	30	35	54	30	36	95	22	157	2	0
k__Bacteria,p__Firmicutes,c__Bacilli,o__Bacillales,f__Planococcaceae,g__Domibacillus	7	0	0	5	0	1	1	7	0	2	2	2	136	265	183	87	181	176	104	36	126	88	133	62	43	8	164	1	1
k__Bacteria,p__Firmicutes,c__Bacilli,o__Bacillales,f__Planococcaceae,g__uncultured	1	0	0	2	1	0	0	0	0	0	0	3	57	98	96	75	104	131	52	12	63	56	78	40	1	1	93	1	0
k__Bacteria,p__Firmicutes,c__Bacilli,o__Paenibacillales,f__Paenibacillaceae,g__Paenibacillus	127	10	11	105	28	26	43	84	26	11	17	169	193	337	176	266	632	1211	148	98	259	783	344	110	6121	399	3507	3	0
k__Bacteria,p__Firmicutes,c__Bacilli,o__Paenibacillales,f__Paenibacillaceae,g__Ammoniphilus	2	0	0	0	0	0	0	0	0	0	0	0	15	36	2	1	10	6	2	9	10	1	0	8	166	0	222	1	0
k__Bacteria,p__Firmicutes,c__Bacilli,o__Aneurinibacillales,f__Aneurinibacillaceae,g__Aneurinibacillus	50	9	5	5	13	13	4	5	2	17	14	35	107	444	373	37	42	17	3	2	2	5	1	16	176	3	0	0	0
k__Bacteria,p__Firmicutes,c__Bacilli,o__Erysipelotrichales,f__Erysipelotrichaceae,g__Turicibacter	8	0	0	5	4	2	1	1	2	2	2	4	40	67	59	9	45	19	14	21	5	7	2	12	479	7	119	0	0
k__Bacteria,p__Firmicutes,c__Bacilli,o__Thermoactinomycetales,f__Thermoactinomycetaceae,g__Planifilum	1	0	0	0	0	2	0	0	0	0	3	0	0	0	4	0	0	0	0	0	0	0	0	1	0	0	129	0	0
k__Bacteria,p__Firmicutes,c__Bacilli,o__Thermoactinomycetales,f__Thermoactinomycetaceae,g__Pasteuria	1	0	0	0	1	0	0	0	0	0	0	1	1	7	5	1	2	1	2	2	1	0	1	1	183	0	0	0	0
k__Bacteria,p__Firmicutes,c__Bacilli,o__Alicyclobacillales,f__Alicyclobacillaceae,g__Tumebacillus	1	0	0	0	2	0	0	0	0	0	1	1	3	4	1	2	4	8	5	0	3	0	0	4	1438	71	2	0	0
k__Bacteria,p__Firmicutes,c__Clostridia,o__Lachnospirales,f__Lachnospiraceae,g__Lachnospiraceae UCG-008	227	25	12	381	1	7	130	169	26	8	10	186	1486	1493	1504	591	2540	2129	1153	584	2067	1266	1549	848	86	46	79	39	9
k__Bacteria,p__Firmicutes,c__Clostridia,o__Oscillospirales,f__Ruminococcaceae,g__Faecalibacterium	22	14	6	13	21	20	19	11	4	19	16	25	141	9	107	926	145	17	61	17	8	26	98	106	0	12	0	0	0
k__Bacteria,p__Firmicutes,c__Clostridia,o__Clostridiales,f__Clostridiaceae,g__Clostridium sensu stricto 1	2	4	1	5	1	8	5	6	0	2	5	6	14	13	14	6	40	59	13	30	9	3	7	13	66	7	200	1	56
k__Bacteria,p__Firmicutes,c__Clostridia,o__Christensenellales,f__Christensenellaceae,g__Christensenellaceae R-7 group	5	2	0	2	1	1	0	3	1	1	4	2	6	10	10	4	15	9	8	4	1	5	10	6	255	0	3	0	0
k__Bacteria,p__Firmicutes,c__Clostridia,o__Peptostreptococcales-Tissierellales,f__Peptostreptococcaceae,g__Clostridioides	1	0	0	1	0	1	0	2	0	1	0	5	4	2	2	4	0	2	4	1	3	0	7	4	2	9	50	1	18
k__Bacteria,p__Firmicutes,c__Clostridia,o__Peptostreptococcales-Tissierellales,f__Peptostreptococcaceae,g__Terrisporobacter	1	0	0	0	0	0	0	0	0	0	0	0	5	2	0	0	0	1	0	0	0	1	0	0	7	0	244	0	0
k__Bacteria,p__Proteobacteria,c__Gammaproteobacteria,o__Enterobacterales,f__Enterobacteriaceae,g__Enterobacter	2169	176	26	2730	139	514	2469	3385	1006	236	520	1726	5249	5259	5820	13830	13251	20587	6813	12432	11851	15534	10847	9513	23	485	219	91	0
k__Bacteria,p__Proteobacteria,c__Gammaproteobacteria,o__Enterobacterales,f__Enterobacteriaceae,g__Klebsiella	1107	95	12	1459	77	208	1316	2707	493	145	268	1127	2642	3089	2457	5773	7225	9343	3986	6498	6032	6331	6731	4732	12	278	60	63	0
k__Bacteria,p__Proteobacteria,c__Gammaproteobacteria,o__Enterobacterales,f__Enterobacteriaceae,g__Escherichia-Shigella	803	110	17	1507	47	160	959	2186	361	123	236	1583	2350	2474	1772	4085	4647	6741	2646	3593	4137	3433	3553	3002	2	296	65	79	1
k__Bacteria,p__Proteobacteria,c__Gammaproteobacteria,o__Enterobacterales,f__Enterobacteriaceae,g__Citrobacter	377	35	3	596	19	44	363	597	149	47	82	306	1113	892	800	1607	3534	2462	5030	4360	3684	1532	2011	2396	5	58	15	12	0
k__Bacteria,p__Proteobacteria,c__Gammaproteobacteria,o__Enterobacterales,f__Enterobacteriaceae,g__Salmonella	253	40	1	182	13	45	139	346	148	25	92	197	601	906	480	1187	637	764	379	734	475	570	465	654	0	19	8	6	0
k__Bacteria,p__Proteobacteria,c__Gammaproteobacteria,o__Enterobacterales,f__Enterobacteriaceae,g__Kosakonia	53	3	2	171	0	86	99	224	46	12	31	110	225	208	119	274	1836	563	497	304	671	180	619	176	0	26	1	2	0
k__Bacteria,p__Proteobacteria,c__Gammaproteobacteria,o__Enterobacterales,f__Erwiniaceae,g__Erwinia	3485	217	12	362	970	294	108	619	207	24	989	482	3372	1859	714	1082	370	189	141	268	197	85	132	354	0	64	1	3	0
k__Bacteria,p__Proteobacteria,c__Gammaproteobacteria,o__Enterobacterales,f__Erwiniaceae,g__Pantoea	762	485	10	743	62	608	477	1730	352	119	796	626	4631	19481	1625	2885	1840	1782	893	1069	1518	1304	1112	1360	0	82	43	62	0
k__Bacteria,p__Proteobacteria,c__Gammaproteobacteria,o__Enterobacterales,f__Yersiniaceae,g__Serratia	201	46	2	1255	14	27	192	273	51	22	77	248	552	605	287	478	610	700	337	687	1407	422	454	471	2	37	3	11	0
k__Bacteria,p__Proteobacteria,c__Gammaproteobacteria,o__Enterobacterales,f__Morganellaceae,g__Providencia	34	2	1	38	2	8	30	52	12	5	8	20	40	34	29	135	70	68	35	60	4772	60	166	76	1	4	0	0	0
k__Bacteria,p__Proteobacteria,c__Gammaproteobacteria,o__Pseudomonadales,f__Moraxellaceae,g__Acinetobacter	11749	589	294	1778	12	13	534	817	32	231	47	1493	12302	2130	83	85	1490	2379	4012	2646	2275	2079	1474	1139	0	274	315	9087	308
k__Bacteria,p__Proteobacteria,c__Gammaproteobacteria,o__Pseudomonadales,f__Pseudomonadaceae,g__Pseudomonas	4890	473	273	8706	25	57	3137	2357	510	75	24	2656	14709	2089	270	331	10177	7824	3776	2868	19886	5006	8413	4236	201	338	121	3864	1
k__Bacteria,p__Proteobacteria,c__Gammaproteobacteria,o__Burkholderiales,f__Comamonadaceae,g__uncultured	86	20	4	140	8	28	74	112	30	1	35	59	71	187	65	28	43	34	78	17	96	110	146	93	16	9	4	27	17
k__Bacteria,p__Proteobacteria,c__Gammaproteobacteria,o__Burkholderiales,f__Comamonadaceae,g__Aquabacterium	15	2	0	22	0	3	20	46	35	6	6	26	36	43	58	102	203	137	97	143	122	117	101	79	11	22	7	36	39
k__Bacteria,p__Proteobacteria,c__Gammaproteobacteria,o__Burkholderiales,f__Comamonadaceae,g__Candidatus Symbiobacter	9	4	0	0	2	2	3	6	1	1	0	1	7	0	0	0	0	3	25	34	3	0	10	0	297	8	46	434	179
k__Bacteria,p__Proteobacteria,c__Gammaproteobacteria,o__Burkholderiales,f__Comamonadaceae,g__Comamonas	7	2	9	9	2	1	63	24	4	0	3	9	16	4	7	7	3	6	74	35	27	25	11	0	22	3	4	71	24
k__Bacteria,p__Proteobacteria,c__Gammaproteobacteria,o__Burkholderiales,f__Comamonadaceae,g__Delftia	5	0	0	0	0	0	8	4	0	0	0	7	7	2	2	10	13	15	10	15	11	10	14	6	29	7	4	39	19
k__Bacteria,p__Proteobacteria,c__Gammaproteobacteria,o__Burkholderiales,f__Comamonadaceae,g__Variovorax	1	0	0	0	0	0	1	0	0	0	0	3	1	0	1	1	0	2	0	2	1	0	1	0	29	1	6	117	16
k__Bacteria,p__Proteobacteria,c__Gammaproteobacteria,o__Burkholderiales,f__Comamonadaceae,g__Diaphorobacter	1	0	0	2	0	0	7	3	0	0	0	0	1	4	4	4	6	5	7	7	8	6	7	3	3	1	2	52	18
k__Bacteria,p__Proteobacteria,c__Gammaproteobacteria,o__Burkholderiales,f__Burkholderiaceae,g__Burkholderia-Caballeronia-Paraburkholderia	17	1	0	14	2	2	19	13	6	0	5	10	34	49	25	46	46	53	41	66	37	50	52	46	3	2	4	25	16
k__Bacteria,p__Proteobacteria,c__Gammaproteobacteria,o__Burkholderiales,f__Burkholderiaceae,g__Ralstonia	2	0	0	1	0	0	2	2	1	0	0	0	7	1	1	1	0	2	4	3	2	3	4	2	0	0	11	37	43
k__Bacteria,p__Proteobacteria,c__Gammaproteobacteria,o__Burkholderiales,f__Alcaligenaceae,g__Oligella	1	0	0	0	0	0	0	1	0	0	0	0	1	1	4	1	3	2	2	3	4	0	2	1	0	1	159	0	0
k__Bacteria,p__Proteobacteria,c__Gammaproteobacteria,o__Burkholderiales,f__Neisseriaceae,g__Neisseria	2	1	0	5	1	0	4	2	0	0	0	2	14	5	7	40	11	8	10	11	19	15	25	11	2	2	95	20	4
k__Bacteria,p__Proteobacteria,c__Gammaproteobacteria,o__Burkholderiales,f__Rhodocyclaceae,g__Candidatus Accumulibacter	3	0	0	1	0	0	1	5	0	0	0	0	0	0	0	0	1	0	7	5	61	5	69	1	0	2	7	98	25
k__Bacteria,p__Proteobacteria,c__Gammaproteobacteria,o__Xanthomonadales,f__Xanthomonadaceae,g__Stenotrophomonas	173	23	149	398	9	15	955	1963	83	22	19	143	89	27	66	7	192	143	640	1621	2135	7002	3774	591	0	66	1	1112	0
k__Bacteria,p__Proteobacteria,c__Gammaproteobacteria,o__Oceanospirillales,f__Halomonadaceae,g__Halomonas	17	2	0	56	1	2	20	16	0	0	1	2044	61	15	11	25	45	50	17	28	74	44	58	32	1	76	1	21	0
k__Bacteria,p__Proteobacteria,c__Gammaproteobacteria,o__Vibrionales,f__Vibrionaceae,g__Photobacterium	1	0	0	0	1	0	0	6	1	3	5	1	5	7	6	9	8	10	6	6	5	10	1	9	0	0	127	0	0
k__Bacteria,p__Proteobacteria,c__Gammaproteobacteria,o__Pasteurellales,f__Pasteurellaceae,g__Haemophilus	9	1	0	10	0	2	6	10	3	0	3	2	19	23	21	36	22	23	19	25	26	43	22	22	310	2	57	0	0
k__Bacteria,p__Proteobacteria,c__Alphaproteobacteria,o__Rhizobiales,f__Rhizobiaceae,g__Allorhizobium-Neorhizobium-Pararhizobium-Rhizobium	9	22	27	10	8	5	89	100	9	3	8	13	68	29	63	21	7	12	10	67	85	88	188	4	1	3	3	785	1
k__Bacteria,p__Proteobacteria,c__Alphaproteobacteria,o__Rhizobiales,f__Beijerinckiaceae,g__Methylobacterium-Methylorubrum	22	73	51	16	58	37	34	17	13	17	61	17	101	102	228	87	13	3	3	10	0	7	13	12	0	1	267	3394	5
k__Bacteria,p__Proteobacteria,c__Alphaproteobacteria,o__Rhizobiales,f__Xanthobacteraceae,g__Bradyrhizobium	3	0	3	0	0	2	3	8	1	0	0	1	1	1	2	1	0	0	1	1	0	1	5	1	39	0	25	37	56
k__Bacteria,p__Proteobacteria,c__Alphaproteobacteria,o__Sphingomonadales,f__Sphingomonadaceae,g__Sphingomonas	5	24	24	8	13	16	15	29	6	5	23	6	14	15	11	1	4	5	3	8	11	11	6	3	0	0	0	2372	0
k__Bacteria,p__Proteobacteria,c__Alphaproteobacteria,o__Acetobacterales,f__Acetobacteraceae,g__Komagataeibacter	2	4	0	0	0	0	0	1	0	0	0	0	0	0	2	0	0	0	0	0	0	0	0	0	195	0	0	0	0
k__Bacteria,p__Actinobacteriota,c__Actinobacteria,o__Micrococcales,f__Microbacteriaceae,g__Leucobacter	3	13	4	10	2	4	56	7	5	1	0	276	72	32	19	6	3	2	8	33	48	16	65	4	0	10	172	46	0
k__Bacteria,p__Actinobacteriota,c__Actinobacteria,o__Micrococcales,f__Micrococcaceae,g__Micrococcus	10	5	4	1	2	2	8	1	2	1	1	16	37	6	12	2	0	3	2	3	3	6	1	2	0	5	96	80	0
k__Bacteria,p__Actinobacteriota,c__Actinobacteria,o__Micrococcales,f__Micrococcaceae,g__Rothia	6	2	3	3	1	3	5	2	2	0	1	108	19	3	3	4	1	7	0	2	0	1	0	3	177	1	9	5	0
k__Bacteria,p__Actinobacteriota,c__Actinobacteria,o__Streptomycetales,f__Streptomycetaceae,g__Streptomyces	52	4	7	13	6	9	36	27	2	5	42	86	497	471	414	1266	124	731	43	42	171	145	491	222	8	17	24	195	2
k__Bacteria,p__Actinobacteriota,c__Actinobacteria,o__Corynebacteriales,f__Nocardiaceae,g__Rhodococcus	24	62	26	10	45	39	26	21	19	16	12	9	138	72	231	47	13	3	7	14	5	6	9	3	2	0	2	16045	0
k__Bacteria,p__Actinobacteriota,c__Actinobacteria,o__Corynebacteriales,f__Corynebacteriaceae,g__Corynebacterium	16	12	1	3	3	4	13	223	1	1	1	1472	103	64	40	14	7	143	24	4	28	13	34	10	976	149	710	206	126
k__Bacteria,p__Actinobacteriota,c__Actinobacteria,o__Propionibacteriales,f__Nocardioidaceae,g__Nocardioides	24	38	21	4	21	37	13	0	14	21	18	4	95	49	343	32	13	8	3	6	1	0	5	0	0	1	0	1497	0
k__Bacteria,p__Actinobacteriota,c__Actinobacteria,o__Propionibacteriales,f__Propionibacteriaceae,g__Cutibacterium	1	1	0	1	1	0	3	11	1	1	2	4	26	44	41	33	34	37	13	11	20	15	30	15	226	1	10	23	76
k__Bacteria,p__Actinobacteriota,c__Rubrobacteria,o__Rubrobacterales,f__Rubrobacteriaceae,g__Rubrobacter	16	1	3	6	0	5	24	12	1	2	41	41	338	266	263	890	68	566	33	24	136	114	343	164	0	9	0	51	0
k__Bacteria,p__Bacteroidota,c__Bacteroidia,o__Flavobacteriales,f__Weeksellaceae,g__Empedobacter	66	7	5	61	0	1	1044	208	3	0	0	0	101	0	0	0	2	66	371	3394	543	35	2959	13	0	7	0	0	90
k__Bacteria,p__Bacteroidota,c__Bacteroidia,o__Flavobacteriales,f__Weeksellaceae,g__Chryseobacterium	21	11	60	39	0	8	336	882	35	10	4	15	24	12	21	3	0	10	224	104	168	326	478	6	0	0	0	578	0
k__Bacteria,p__Bacteroidota,c__Bacteroidia,o__Flavobacteriales,f__Flavobacteriaceae,g__Flavobacterium	2	2	1	6	0	2	83	64	4	0	2	1	7	4	9	5	2	3	12	540	112	20	66	2	0	0	0	1322	0
k__Bacteria,p__Bacteroidota,c__Bacteroidia,o__Sphingobacteriales,f__Sphingobacteriaceae,g__Sphingobacterium	27	20	56	52	22	11	1398	1458	60	14	14	18	197	12	81	11	10	26	187	488	353	87	1171	10	0	0	0	101	0
k__Bacteria,p__Bacteroidota,c__Bacteroidia,o__Sphingobacteriales,f__Sphingobacteriaceae,g__Pedobacter	1	0	3	2	0	0	1	6	0	0	0	0	2	0	5	0	1	0	0	0	0	1	1	0	0	0	0	1398	0
k__Bacteria,p__Firmicutes,c__Bacilli,o__Bacillales,f__Bacillaceae,g__Terribacillus	0	1	0	0	0	0	1	0	0	0	0	1	0	9	1	0	0	3	0	0	4	1	0	0	151	1	66	0	0
k__Bacteria,p__Firmicutes,c__Bacilli,o__Thermoactinomycetales,f__Thermoactinomycetaceae,g__Thermoactinomyces	0	1	0	0	4	0	0	0	0	0	0	0	1	0	0	0	0	1	0	0	0	0	0	0	247	0	0	0	0
k__Bacteria,p__Firmicutes,c__Clostridia,o__Lachnospirales,f__Lachnospiraceae,g__Blautia	0	2	1	0	4	2	2	1	1	3	2	1	9	6	13	35	18	15	8	12	5	7	4	4	35	1	104	1	0
k__Bacteria,p__Firmicutes,c__Clostridia,o__Lachnospirales,f__Lachnospiraceae,g__Tyzzerella	0	1	0	0	0	0	2	1	0	0	0	0	1	1	1	0	3	1	1	0	1	2	0	2	1	0	361	0	0
k__Bacteria,p__Firmicutes,c__Clostridia,o__Peptostreptococcales-Tissierellales,g__Finegoldia	0	1	0	0	0	0	0	0	0	0	0	0	1	1	3	0	2	0	0	0	0	0	0	0	0	0	202	0	0
k__Bacteria,p__Patescibacteria,c__Saccharimonadia,o__Saccharimonadales,f__Saccharimonadaceae,g__TM7a	0	2	2	0	0	3	0	0	6	0	0	0	7	1	6	0	0	0	1	3	0	0	0	0	0	0	0	417	0
k__Bacteria,p__Firmicutes,c__Clostridia,o__Lachnospirales,f__Lachnospiraceae,g__Epulopiscium	0	0	1	0	1	0	0	0	0	0	1	0	2	6	11	8	1	4	0	0	1	0	3	0	320	1	0	0	0
k__Bacteria,p__Proteobacteria,c__Alphaproteobacteria,o__Rhizobiales,f__Xanthobacteraceae,g__uncultured	0	0	1	0	0	1	0	1	0	0	0	0	0	2	3	0	0	0	2	2	1	2	4	0	12	0	8	18	18
k__Bacteria,p__Bacteroidota,c__Bacteroidia,o__Bacteroidales,f__Prevotellaceae,g__Prevotella	0	0	1	0	0	1	1	0	0	0	2	0	0	3	0	2	1	0	0	0	0	0	0	0	0	4	0	1	120
k__Bacteria,p__Firmicutes,c__Clostridia,o__Clostridiales,f__Caloramatoraceae,g__Fonticella	0	0	0	1	1	0	0	0	0	1	0	0	0	2	4	1	0	0	1	1	0	1	0	0	744	0	0	0	0
k__Bacteria,p__Proteobacteria,c__Gammaproteobacteria,o__Burkholderiales,f__Comamonadaceae,g__Curvibacter	0	0	0	1	0	0	0	0	0	0	0	0	0	0	0	0	0	0	2	0	0	1	0	0	5	0	181	5	5
k__Bacteria,p__Bacteroidota,c__Rhodothermia,o__Rhodothermales,f__Rhodothermaceae,g__Salinibacter	0	0	0	0	1	1	0	0	0	0	8	0	2	0	3	1	1	1	0	0	0	1	0	2	0	0	0	1126	0
k__Bacteria,p__Proteobacteria,c__Gammaproteobacteria,o__Burkholderiales,f__Comamonadaceae,g__Giesbergeria	0	0	0	0	0	0	2	0	0	0	0	0	0	0	0	0	0	0	9	0	0	0	0	0	0	0	0	302	0
k__Bacteria,p__Proteobacteria,c__Gammaproteobacteria,o__Burkholderiales,f__Comamonadaceae,g__Polaromonas	0	0	0	0	0	0	0	1	0	0	0	0	0	1	0	0	0	0	0	2	0	1	0	0	34	3	4	41	21
k__Bacteria,p__Firmicutes,c__Bacilli,o__Paenibacillales,f__Paenibacillaceae,g__Cohnella	0	0	0	0	0	0	0	0	2	0	0	1	2	3	0	2	5	4	1	3	1	3	0	2	12	5	226	0	0
k__Bacteria,p__Bacteroidota,c__Bacteroidia,o__Cytophagales,f__Hymenobacteraceae,g__Hymenobacter	0	0	0	0	0	0	0	0	0	0	1	0	1	0	0	0	1	0	0	0	0	0	0	0	0	0	0	473	0
k__Bacteria,p__Firmicutes,c__Desulfotomaculia,o__Desulfotomaculales,g__Desulfohalotomaculum	0	0	0	0	0	0	0	0	0	0	0	0	1	0	0	0	0	0	1	1	0	1	0	0	0	0	155	0	0
k__Bacteria,p__Firmicutes,c__Clostridia,f__Hungateiclostridiaceae,g__UCG-012	0	0	0	0	0	0	0	0	0	0	0	0	0	4	0	2	3	0	1	0	1	2	1	0	0	0	93	0	0
k__Bacteria,p__Bacteroidota,c__Bacteroidia,o__Bacteroidales,f__Porphyromonadaceae,g__Porphyromonas	0	0	0	0	0	0	0	0	0	0	0	0	0	0	0	1	0	0	0	0	0	0	0	0	0	0	164	0	0
k__Bacteria,p__Firmicutes,c__Clostridia,o__Clostridiales,f__Clostridiaceae,g__Clostridium sensu stricto 3	0	0	0	0	0	0	0	0	0	0	0	0	0	0	0	0	0	2	0	0	2	0	0	0	0	0	201	0	0
k__Bacteria,p__Firmicutes,c__Negativicutes,o__Veillonellales-Selenomonadales,f__Sporomusaceae,g__Pelosinus	0	0	0	0	0	0	0	0	0	0	0	0	0	0	0	0	0	0	0	1	0	0	0	0	0	0	116	0	0
k__Bacteria,p__Firmicutes,c__Clostridia,o__Peptostreptococcales-Tissierellales,f__Anaerovoracaceae,g__S5-A14a	0	0	0	0	0	0	0	0	0	0	0	0	0	0	0	0	0	0	0	0	1	0	0	0	352	0	0	0	0
k__Bacteria,p__Firmicutes,c__Clostridia,o__Lachnospirales,f__Lachnospiraceae,g__Anaerocolumna	0	0	0	0	0	0	0	0	0	0	0	0	0	0	0	0	0	0	0	0	0	0	0	0	1801	50	328	0	0
k__Bacteria,p__Firmicutes,c__Clostridia,o__Lachnospirales,f__Lachnospiraceae,g__Herbinix	0	0	0	0	0	0	0	0	0	0	0	0	0	0	0	0	0	0	0	0	0	0	0	0	1	0	184	0	0
k__Bacteria,p__Firmicutes,c__Clostridia,o__Clostridiales,f__Clostridiaceae,g__Clostridium sensu stricto 10	0	0	0	0	0	0	0	0	0	0	0	0	0	0	0	0	0	0	0	0	0	0	0	0	193	0	2	0	0
k__Bacteria,p__Firmicutes,c__Clostridia,o__Thermincolales,f__Thermincolaceae,g__Thermincola	0	0	0	0	0	0	0	0	0	0	0	0	0	0	0	0	0	0	0	0	0	0	0	0	0	4	108	0	0
k__Bacteria,p__Firmicutes,c__Clostridia,o__Oscillospirales,f__Ethanoligenenaceae,g__Ethanoligenens	0	0	0	0	0	0	0	0	0	0	0	0	0	0	0	0	0	0	0	0	0	0	0	0	0	0	179	0	0
